average_breath,average_breath_variation,average_heart_rate,average_hrv,awake_time,deep_sleep_duration,efficiency,got_ups,latency,light_sleep_duration,lowest_heart_rate,lowest_heart_rate_time_offset,rem_sleep_duration,restless_periods,score,sleep_midpoint,time_in_bed,total_sleep_duration,wake_ups,restless,bedtime_start_delta,bedtime_end_delta,contributors.total_sleep,contributors.deep_sleep,contributors.rem_sleep,contributors.efficiency,contributors.latency,contributors.restfulness,contributors.timing,readiness.contributors.activity_balance,readiness.contributors.body_temperature,readiness.contributors.hrv_balance,readiness.contributors.previous_day_activity,readiness.contributors.previous_night,readiness.contributors.recovery_index,readiness.contributors.resting_heart_rate,readiness.contributors.sleep_balance,readiness.score,readiness.temperature_deviation,readiness.temperature_trend_deviation,bedtime_end_seconds,bedtime_start_seconds,actual_day,prev_oura_score,bed_time
12.625,4.625,54.01,58.0,6900.0,6330.0,81.0,0.0,1770.0,15030.0,48.0,14610.0,8880.0,43.0,8.8,20220.0,37140,30240.0,4.0,6.0,-9364,27776,97.0,97.0,100.0,74.0,59.0,73.0,99.0,83.0,90.0,84.0,,86.0,100.0,83.0,100.0,90.0,0.17,0.3,27776.0,77036.0,2022-09-26,,21.538888888888888
12.25,4.25,53.45,50.0,4710.0,5460.0,87.0,0.0,1530.0,18990.0,45.0,10770.0,7560.0,38.0,9.1,19410.0,36720,32010.0,5.0,5.0,-10311,26409,100.0,96.0,98.0,88.0,70.0,75.0,100.0,83.0,92.0,85.0,,94.0,100.0,100.0,100.0,95.0,0.15,0.29,26409.0,76089.0,2022-09-27,8.8,21.15833333333333
12.625,4.375,56.42,43.0,8100.0,6120.0,77.0,0.0,1230.0,14700.0,48.0,8850.0,6300.0,41.0,8.6,17520.0,35220,27120.0,5.0,6.0,-9958,25262,89.0,97.0,96.0,65.0,83.0,70.0,100.0,83.0,91.0,82.0,,81.0,100.0,82.0,100.0,89.0,0.16,0.32,25262.0,76442.0,2022-09-28,9.1,21.23888888888889
12.875,4.5,55.15,42.0,5010.0,4710.0,86.0,0.0,930.0,17640.0,46.0,20370.0,7440.0,45.0,9.3,17610.0,34800,29790.0,2.0,6.0,-10410,24390,97.0,96.0,97.0,86.0,97.0,76.0,100.0,83.0,100.0,78.0,,98.0,49.0,99.0,98.0,88.0,-0.13,0.19,24390.0,75990.0,2022-09-29,8.6,21.183333333333334
12.375,4.5,57.92,40.0,6510.0,4680.0,83.0,0.0,1380.0,19560.0,51.0,11850.0,6870.0,40.0,8.9,19530.0,37620,31110.0,7.0,5.0,-10159,27461,98.0,96.0,97.0,79.0,78.0,67.0,100.0,83.0,78.0,73.0,,88.0,100.0,56.0,98.0,84.0,0.32,0.24,27461.0,76241.0,2022-09-30,9.3,21.280555555555555
12.625,4.75,54.23,50.0,5070.0,6480.0,87.0,1.0,180.0,19650.0,48.0,11730.0,7860.0,28.0,9.4,18600.0,39060,33990.0,2.0,4.0,-9189,29871,100.0,97.0,98.0,88.0,67.0,91.0,100.0,83.0,100.0,76.0,,100.0,100.0,83.0,100.0,91.0,-0.15,0.18,29871.0,77211.0,2022-10-01,8.9,21.575
12.25,4.75,52.93,56.0,5520.0,5940.0,84.0,0.0,720.0,15870.0,47.0,1290.0,7170.0,38.0,9.2,18300.0,34500,28980.0,3.0,5.0,-7060,27440,96.0,97.0,97.0,81.0,91.0,80.0,96.0,83.0,100.0,81.0,,95.0,100.0,92.0,99.0,93.0,-0.13,0.09,27440.0,79340.0,2022-10-02,9.4,22.088888888888892
12.25,4.375,59.19,43.0,4530.0,8310.0,88.0,0.0,1620.0,15180.0,51.0,18450.0,10380.0,30.0,9.4,19110.0,38400,33870.0,3.0,4.0,-10225,28175,100.0,99.0,100.0,90.0,67.0,89.0,100.0,83.0,94.0,78.0,,100.0,82.0,58.0,100.0,85.0,0.12,0.1,28175.0,76175.0,2022-10-03,9.2,21.24722222222222
12.125,4.5,55.72,36.0,5700.0,2970.0,83.0,0.0,570.0,15720.0,49.0,17490.0,8310.0,26.0,8.8,16560.0,32700,27000.0,3.0,4.0,-7260,25440,89.0,69.0,99.0,79.0,86.0,90.0,100.0,83.0,95.0,71.0,,84.0,53.0,76.0,98.0,81.0,0.12,0.21,25440.0,79140.0,2022-10-04,9.4,21.983333333333334
12.125,4.25,57.74,36.0,3210.0,6030.0,90.0,0.0,660.0,15840.0,49.0,26130.0,8580.0,21.0,9.6,16530.0,33660,30450.0,3.0,4.0,-6047,27613,98.0,97.0,99.0,96.0,89.0,91.0,100.0,83.0,69.0,65.0,,100.0,58.0,76.0,98.0,77.0,0.42,0.38,27613.0,80353.0,2022-10-05,8.8,22.352777777777778
12.25,4.375,56.93,43.0,3180.0,6780.0,91.0,0.0,810.0,15570.0,49.0,13650.0,8070.0,24.0,9.5,16920.0,33600,30420.0,7.0,4.0,-9266,24334,97.0,98.0,99.0,96.0,97.0,80.0,100.0,83.0,100.0,65.0,,100.0,49.0,76.0,98.0,82.0,-0.03,0.32,24334.0,77134.0,2022-10-06,9.6,21.511111111111113
11.875,3.875,57.77,48.0,2160.0,7950.0,94.0,0.0,1380.0,17040.0,49.0,11850.0,7170.0,28.0,9.7,17490.0,34320,32160.0,1.0,4.0,-10473,23847,100.0,99.0,97.0,99.0,78.0,95.0,100.0,83.0,93.0,67.0,,100.0,85.0,76.0,100.0,87.0,0.14,0.28,23847.0,75927.0,2022-10-07,9.5,21.15833333333333
12.375,4.375,56.63,46.0,5730.0,7500.0,84.0,0.0,1590.0,15300.0,50.0,6090.0,6870.0,32.0,9.0,18570.0,35400,29670.0,6.0,5.0,-10067,25333,97.0,98.0,97.0,81.0,67.0,77.0,100.0,83.0,98.0,68.0,,88.0,94.0,67.0,97.0,84.0,-0.19,0.15,25333.0,76333.0,2022-10-08,9.7,21.23611111111111
11.625,3.875,61.16,43.0,7260.0,8520.0,78.0,1.0,1170.0,11940.0,50.0,7050.0,5580.0,21.0,8.5,16170.0,33300,26040.0,3.0,4.0,-2751,30549,84.0,100.0,89.0,67.0,86.0,89.0,78.0,83.0,87.0,68.0,,75.0,100.0,68.0,90.0,81.0,0.21,0.23,30549.0,83649.0,2022-10-09,9.0,23.258333333333333
12.25,4.375,56.81,47.0,2580.0,9600.0,92.0,0.0,1020.0,11850.0,48.0,22290.0,9750.0,29.0,9.7,17070.0,33780,31200.0,3.0,4.0,-9753,24027,98.0,100.0,100.0,97.0,94.0,89.0,100.0,81.0,99.0,71.0,,100.0,43.0,86.0,92.0,82.0,-0.18,0.18,24027.0,76647.0,2022-10-10,8.5,21.358333333333334
12.625,4.875,53.95,60.0,8010.0,6120.0,76.0,0.0,1170.0,12990.0,46.0,12690.0,6120.0,31.0,8.4,16980.0,33240,25230.0,5.0,5.0,-9286,23954,81.0,97.0,95.0,62.0,86.0,79.0,100.0,85.0,86.0,82.0,,72.0,78.0,100.0,84.0,84.0,-0.56,-0.05,23954.0,77114.0,2022-10-11,9.7,21.455555555555556
11.75,4.375,56.97,51.0,7110.0,5700.0,81.0,0.0,1350.0,17760.0,49.0,15810.0,6390.0,33.0,9.1,18300.0,36960,29850.0,4.0,5.0,-9473,27487,97.0,97.0,96.0,74.0,78.0,81.0,100.0,85.0,92.0,85.0,,90.0,86.0,78.0,84.0,85.0,0.15,0.0,27487.0,76927.0,2022-10-12,8.4,21.386111111111113
12.25,4.375,57.36,44.0,6000.0,4140.0,83.0,0.0,1830.0,19020.0,50.0,13650.0,5460.0,31.0,8.6,17730.0,34620,28620.0,6.0,5.0,-10283,24337,95.0,95.0,87.0,79.0,56.0,77.0,100.0,86.0,100.0,83.0,,77.0,81.0,69.0,82.0,80.0,0.0,0.14,24337.0,76117.0,2022-10-13,9.1,21.23611111111111
11.375,4.5,59.21,46.0,3240.0,10110.0,91.0,0.0,840.0,14160.0,51.0,11730.0,7830.0,21.0,9.8,18000.0,35340,32100.0,2.0,3.0,-6574,28766,100.0,100.0,98.0,96.0,97.0,94.0,95.0,86.0,82.0,83.0,,100.0,91.0,62.0,86.0,84.0,0.27,0.38,28766.0,79826.0,2022-10-15,,22.23888888888889
11.75,4.25,56.89,55.0,5400.0,6510.0,84.0,0.0,1800.0,16050.0,48.0,12690.0,5940.0,32.0,8.8,17280.0,33900,28500.0,4.0,5.0,-4914,28986,95.0,98.0,95.0,81.0,59.0,83.0,86.0,86.0,91.0,87.0,,82.0,66.0,89.0,84.0,83.0,0.16,0.42,28986.0,81486.0,2022-10-16,9.8,22.65
12.25,4.25,56.98,46.0,7710.0,3600.0,77.0,0.0,1290.0,17220.0,47.0,21450.0,5730.0,26.0,8.5,18840.0,34260,26550.0,6.0,4.0,-10751,23509,87.0,84.0,92.0,67.0,81.0,81.0,100.0,87.0,69.0,86.0,,75.0,21.0,97.0,79.0,75.0,0.43,0.56,23509.0,75649.0,2022-10-18,9.0,21.136111111111113
12.5,4.5,55.44,49.0,4980.0,2940.0,86.0,0.0,1170.0,21180.0,48.0,19410.0,5880.0,36.0,8.8,17370.0,34980,30000.0,7.0,5.0,-9598,25382,97.0,68.0,94.0,86.0,86.0,70.0,100.0,86.0,96.0,86.0,,83.0,60.0,89.0,81.0,82.0,-0.27,0.33,25382.0,76802.0,2022-10-19,8.5,21.33888888888889
12.125,4.25,58.2,43.0,6300.0,5850.0,81.0,0.0,930.0,13350.0,50.0,5130.0,6900.0,28.0,8.9,16230.0,32400,26100.0,4.0,5.0,-11009,21391,85.0,97.0,97.0,74.0,97.0,85.0,100.0,85.0,85.0,85.0,,85.0,84.0,70.0,76.0,80.0,0.24,0.09,21391.0,75391.0,2022-10-21,9.2,21.019444444444446
12.0,4.375,55.39,49.0,4710.0,6930.0,86.0,0.0,750.0,16110.0,46.0,12690.0,5490.0,35.0,9.1,17100.0,33240,28530.0,5.0,5.0,-8424,24816,95.0,98.0,88.0,86.0,94.0,77.0,100.0,85.0,80.0,85.0,,90.0,55.0,100.0,76.0,83.0,0.29,0.32,24816.0,77976.0,2022-10-22,8.9,21.75
11.75,4.375,56.64,44.0,3450.0,7290.0,89.0,0.0,870.0,13500.0,46.0,20370.0,8160.0,27.0,9.5,15960.0,32400,28950.0,4.0,4.0,-8965,23435,96.0,98.0,99.0,93.0,99.0,86.0,100.0,85.0,85.0,83.0,,100.0,42.0,100.0,77.0,83.0,0.23,0.44,23435.0,77435.0,2022-10-23,9.1,21.59722222222222
11.625,5.0,60.2,35.0,4110.0,5370.0,88.0,0.0,390.0,16350.0,53.0,3090.0,7050.0,29.0,9.2,16740.0,32880,28770.0,5.0,5.0,-8558,24322,95.0,96.0,97.0,90.0,78.0,82.0,100.0,86.0,71.0,73.0,,92.0,100.0,44.0,78.0,72.0,0.4,0.5,24322.0,77842.0,2022-10-24,9.5,21.677777777777777
12.375,4.625,59.5,41.0,6510.0,5640.0,82.0,0.0,1350.0,16680.0,47.0,24450.0,7170.0,29.0,9.0,18870.0,36000,29490.0,7.0,4.0,-10123,25877,96.0,97.0,97.0,76.0,78.0,77.0,100.0,86.0,81.0,70.0,,87.0,22.0,96.0,80.0,76.0,0.28,0.52,25877.0,76277.0,2022-10-25,9.2,21.230555555555554
12.0,4.75,61.0,29.0,5670.0,4890.0,83.0,0.0,810.0,15000.0,52.0,10890.0,8340.0,25.0,9.4,16680.0,33900,28230.0,3.0,4.0,-8725,25175,94.0,96.0,99.0,79.0,97.0,91.0,100.0,87.0,93.0,57.0,,97.0,90.0,53.0,79.0,76.0,0.14,0.46,25175.0,77675.0,2022-10-26,9.0,21.663888888888888
12.0,4.375,54.55,38.0,5400.0,6330.0,84.0,0.0,1020.0,15090.0,50.0,8970.0,7320.0,32.0,9.3,16920.0,34140,28740.0,2.0,5.0,-10475,23665,95.0,97.0,97.0,81.0,94.0,89.0,100.0,87.0,100.0,54.0,,94.0,100.0,71.0,80.0,80.0,-0.13,0.27,23665.0,75925.0,2022-10-27,9.4,21.152777777777775
12.125,4.625,56.54,43.0,4650.0,6540.0,85.0,0.0,1080.0,14310.0,49.0,11970.0,5400.0,23.0,9.0,15390.0,30900,26250.0,4.0,4.0,-6177,24723,86.0,98.0,86.0,95.0,91.0,87.0,100.0,86.0,99.0,56.0,,86.0,70.0,80.0,77.0,76.0,0.07,0.21,24723.0,80223.0,2022-10-28,9.3,22.291666666666668
12.375,4.5,57.41,44.0,3540.0,6450.0,91.0,0.0,690.0,19140.0,48.0,19410.0,8670.0,32.0,9.4,19260.0,37800,34260.0,9.0,4.0,-8675,29125,100.0,97.0,100.0,96.0,91.0,72.0,100.0,87.0,75.0,58.0,,96.0,69.0,89.0,86.0,82.0,0.34,0.36,29125.0,77725.0,2022-10-29,9.0,21.652777777777775
11.75,4.5,59.23,40.0,6600.0,6450.0,81.0,0.0,1470.0,15870.0,49.0,16530.0,6300.0,31.0,8.8,18600.0,35220,28620.0,7.0,5.0,-9772,25448,95.0,97.0,96.0,74.0,72.0,74.0,100.0,85.0,99.0,57.0,,81.0,73.0,80.0,86.0,78.0,-0.16,0.3,25448.0,76628.0,2022-10-30,9.4,21.305555555555557
12.0,4.625,53.41,57.0,4980.0,6930.0,86.0,0.0,1560.0,16560.0,47.0,5970.0,7530.0,28.0,9.1,19080.0,36000,31020.0,9.0,4.0,-12726,23274,98.0,98.0,98.0,86.0,70.0,73.0,100.0,85.0,83.0,70.0,,88.0,100.0,97.0,89.0,88.0,0.25,0.33,23274.0,73674.0,2022-10-31,8.8,20.599999999999998
11.5,4.0,56.56,49.0,6450.0,7170.0,80.0,0.0,1680.0,13080.0,47.0,9090.0,6000.0,27.0,8.5,16500.0,32700,26250.0,5.0,5.0,-10792,21908,86.0,98.0,95.0,72.0,64.0,82.0,100.0,85.0,81.0,74.0,,73.0,66.0,97.0,84.0,81.0,0.28,0.41,21908.0,75608.0,2022-11-01,9.1,21.022222222222222
12.0,4.75,52.88,51.0,8820.0,4890.0,74.0,0.0,1080.0,14340.0,44.0,15690.0,6270.0,30.0,8.5,19320.0,34320,25500.0,5.0,5.0,-10184,24136,82.0,96.0,96.0,58.0,91.0,80.0,100.0,84.0,99.0,80.0,,74.0,70.0,97.0,80.0,81.0,-0.17,0.31,24136.0,76216.0,2022-11-02,8.5,21.211111111111112
11.75,4.125,54.96,47.0,5040.0,5370.0,85.0,0.0,960.0,16080.0,47.0,16530.0,7230.0,28.0,9.3,16830.0,33720,28680.0,6.0,4.0,-9353,24367,95.0,96.0,97.0,83.0,97.0,80.0,100.0,84.0,84.0,82.0,,94.0,66.0,96.0,80.0,84.0,0.24,0.28,24367.0,77047.0,2022-11-03,8.5,21.419444444444444
11.75,4.125,55.8,47.0,2220.0,7530.0,93.0,0.0,1470.0,15180.0,49.0,12930.0,7410.0,34.0,9.3,16800.0,32340,30120.0,4.0,5.0,-8859,23481,97.0,99.0,97.0,98.0,72.0,80.0,100.0,84.0,93.0,84.0,,94.0,58.0,79.0,82.0,81.0,0.13,0.31,23481.0,77541.0,2022-11-04,9.3,21.59166666666667
11.75,4.25,57.86,43.0,1200.0,9900.0,96.0,0.0,510.0,10320.0,49.0,15570.0,6360.0,26.0,9.2,13980.0,27780,26580.0,3.0,4.0,-6534,21246,87.0,100.0,96.0,100.0,83.0,90.0,100.0,85.0,91.0,83.0,,91.0,33.0,79.0,78.0,77.0,0.16,0.36,21246.0,79866.0,2022-11-05,9.3,22.2
11.875,4.375,58.31,44.0,4410.0,8280.0,86.0,0.0,1110.0,12240.0,50.0,12690.0,7410.0,27.0,9.2,16440.0,32340,27930.0,6.0,4.0,-8961,23379,93.0,99.0,97.0,86.0,89.0,81.0,100.0,87.0,87.0,82.0,,91.0,72.0,70.0,78.0,80.0,0.21,0.38,23379.0,77439.0,2022-11-06,9.2,21.608333333333334
12.25,4.375,56.33,54.0,3060.0,7200.0,91.0,1.0,990.0,17310.0,50.0,5010.0,8010.0,30.0,9.4,17970.0,35580,32520.0,10.0,4.0,-9951,25629,100.0,98.0,98.0,96.0,94.0,69.0,100.0,86.0,81.0,86.0,,95.0,68.0,71.0,85.0,83.0,0.28,0.44,25629.0,76449.0,2022-11-07,9.2,21.258333333333333
12.125,4.125,51.15,56.0,5820.0,7140.0,83.0,0.0,1140.0,14490.0,44.0,18450.0,6150.0,32.0,9.0,16500.0,33600,27780.0,5.0,5.0,-9001,24599,92.0,98.0,95.0,79.0,89.0,79.0,100.0,86.0,100.0,88.0,,85.0,87.0,97.0,83.0,87.0,-0.02,0.36,24599.0,77399.0,2022-11-08,9.4,21.647222222222222
11.625,4.25,55.82,46.0,1830.0,9360.0,94.0,0.0,300.0,13140.0,50.0,22290.0,8610.0,22.0,9.4,16620.0,32940,31110.0,5.0,4.0,-8821,24119,98.0,100.0,99.0,100.0,72.0,86.0,100.0,86.0,100.0,88.0,,95.0,88.0,70.0,87.0,86.0,-0.02,0.25,24119.0,77579.0,2022-11-09,9.0,21.697222222222223
11.875,4.375,55.39,50.0,4290.0,7530.0,86.0,0.0,720.0,14760.0,47.0,3330.0,4980.0,31.0,8.9,15690.0,31560,27270.0,5.0,5.0,-7228,24332,90.0,99.0,79.0,88.0,91.0,80.0,100.0,86.0,91.0,88.0,,82.0,18.0,97.0,84.0,79.0,0.16,0.27,24332.0,79172.0,2022-11-10,9.4,22.072222222222223
12.125,4.625,53.65,50.0,6240.0,6390.0,83.0,0.0,1170.0,16800.0,45.0,20370.0,7530.0,29.0,9.1,19470.0,36960,30720.0,9.0,4.0,-12574,24386,98.0,97.0,98.0,79.0,86.0,72.0,100.0,85.0,100.0,89.0,,87.0,63.0,100.0,87.0,87.0,0.06,0.3,24386.0,73826.0,2022-11-11,8.9,20.572222222222223
11.625,4.5,56.18,44.0,5310.0,6570.0,86.0,1.0,1260.0,17280.0,49.0,20610.0,8820.0,29.0,9.4,19590.0,37980,32670.0,4.0,4.0,-10267,27713,100.0,98.0,100.0,86.0,83.0,85.0,100.0,86.0,90.0,88.0,,95.0,66.0,79.0,93.0,86.0,0.17,0.35,27713.0,76133.0,2022-11-12,9.1,21.280555555555555
12.0,4.75,51.69,58.0,6480.0,3840.0,81.0,0.0,2190.0,16350.0,45.0,14610.0,7590.0,29.0,8.4,17970.0,34260,27780.0,6.0,5.0,-9089,25171,92.0,89.0,98.0,74.0,40.0,79.0,100.0,86.0,100.0,90.0,,69.0,86.0,100.0,90.0,87.0,-0.04,0.27,25171.0,77311.0,2022-11-13,9.4,21.552777777777777
11.875,4.25,55.17,52.0,2910.0,6930.0,92.0,1.0,900.0,17430.0,47.0,15570.0,7050.0,32.0,9.5,17850.0,34320,31410.0,7.0,5.0,-9265,25055,99.0,98.0,97.0,97.0,99.0,74.0,100.0,86.0,92.0,90.0,,98.0,78.0,95.0,93.0,91.0,0.15,0.27,25055.0,77135.0,2022-11-14,8.4,21.51388888888889
11.625,4.0,51.68,55.0,4650.0,7020.0,87.0,0.0,1140.0,13770.0,44.0,7890.0,9960.0,26.0,9.4,17790.0,35400,30750.0,7.0,4.0,-10230,25170,98.0,98.0,100.0,88.0,89.0,81.0,100.0,86.0,100.0,91.0,,95.0,100.0,98.0,95.0,94.0,-0.05,0.21,25170.0,76170.0,2022-11-15,9.5,21.23333333333333
11.625,4.25,54.77,50.0,4170.0,7320.0,88.0,0.0,390.0,15660.0,48.0,8010.0,8430.0,28.0,9.4,17580.0,35580,31410.0,6.0,4.0,-8487,27093,99.0,98.0,99.0,93.0,78.0,81.0,100.0,87.0,100.0,91.0,,94.0,100.0,85.0,97.0,93.0,0.02,0.2,27093.0,77913.0,2022-11-16,9.4,21.724999999999998
11.875,4.5,54.15,47.0,4950.0,4830.0,86.0,0.0,960.0,16740.0,48.0,11730.0,7980.0,28.0,9.5,18030.0,34500,29550.0,2.0,4.0,-8950,25550,96.0,96.0,98.0,86.0,97.0,91.0,100.0,88.0,100.0,90.0,,97.0,62.0,85.0,96.0,89.0,0.06,0.2,25550.0,77450.0,2022-11-17,9.4,21.63888888888889
12.0,4.0,54.79,53.0,4500.0,8070.0,86.0,0.0,510.0,13920.0,45.0,14850.0,6450.0,27.0,9.2,17250.0,32940,28440.0,6.0,4.0,-10478,22462,95.0,99.0,96.0,86.0,83.0,80.0,100.0,88.0,100.0,90.0,,89.0,72.0,100.0,93.0,90.0,-0.13,0.16,22462.0,75922.0,2022-11-18,9.5,21.144444444444442
12.0,4.25,61.76,46.0,6630.0,8430.0,82.0,0.0,300.0,14370.0,51.0,14610.0,8370.0,27.0,9.2,19050.0,37800,31170.0,6.0,4.0,-8214,29586,98.0,99.0,99.0,79.0,72.0,82.0,99.0,88.0,92.0,89.0,,89.0,96.0,59.0,95.0,86.0,0.16,0.2,29586.0,78186.0,2022-11-19,9.2,21.73333333333333
11.75,4.5,57.43,51.0,1590.0,7260.0,95.0,0.0,570.0,14670.0,50.0,15810.0,8520.0,25.0,9.6,16230.0,32040,30450.0,2.0,4.0,-7117,24923,97.0,98.0,99.0,100.0,86.0,94.0,100.0,87.0,87.0,89.0,,99.0,75.0,68.0,95.0,87.0,0.21,0.31,24923.0,79283.0,2022-11-20,9.2,22.080555555555556
11.5,4.0,55.29,50.0,5280.0,8670.0,85.0,0.0,600.0,12450.0,51.0,9810.0,7920.0,23.0,9.1,16470.0,34320,29040.0,7.0,4.0,-7711,26609,93.0,100.0,98.0,83.0,86.0,79.0,100.0,88.0,100.0,89.0,,86.0,100.0,61.0,93.0,86.0,-0.04,0.28,26609.0,78689.0,2022-11-21,9.6,21.930555555555557
11.75,4.375,56.74,47.0,3090.0,7770.0,90.0,0.0,180.0,14460.0,49.0,16650.0,7020.0,29.0,9.2,15810.0,32340,29250.0,3.0,4.0,-8017,24323,94.0,99.0,96.0,96.0,67.0,88.0,100.0,88.0,96.0,87.0,,88.0,55.0,80.0,90.0,83.0,0.1,0.24,24323.0,78383.0,2022-11-23,9.3,21.830555555555556
