index,Activity,Eventually I got out of bed and moved to a place more quiet. ,I read a book,I stayed in bed trying to sleep,I used a smart device (phone,I went to the toilet,Knowing the alarm was set early,Light,Naturally,Noise,Nothing,Partner,Partner ,Temperature,Thinking of busy child’s birthday on Sunday ,With an alarm,blue_light,prevent_early_sleep,recall_awake,special_circumstances_wakeup,subjective_sleep_score,work Stress,Mentally active,Physically active,Relaxed,Sleepy,Socially active,Stressful,Visitors made me go to bed later,alcohol_time,coffee_time,eat_bedtime,medication,special_circumstances,stress_levels,stress_relief_time,workout_time,actual_day
0,0,0,1,0,1,0,0,0,1,0,1,0,0,0,0,0,2,0,1,0,6,0,0,0,1,0,0,0,0,,14.0,2,1,1,2,,,2022-09-26
1,0,0,0,1,0,1,0,0,1,0,1,0,0,0,0,0,3,0,1,0,7,0,0,0,1,0,0,0,0,,14.5,1,1,0,2,,,2022-09-27
2,0,0,0,1,0,1,0,0,1,0,1,0,0,0,0,0,1,1,1,0,7,0,1,0,1,0,0,0,0,,14.5,1,1,0,1,,,2022-09-28
3,0,0,1,0,1,0,0,0,0,0,1,0,0,0,0,1,2,0,1,0,7,0,0,0,1,0,0,0,0,,14.25,2,1,0,1,,,2022-09-29
4,0,0,1,1,1,0,0,0,1,0,0,0,0,0,0,0,2,0,1,0,6,1,0,0,1,0,1,0,0,18.0,14.5,1,1,0,2,,,2022-09-30
5,0,0,0,1,1,1,0,0,1,0,1,0,0,0,0,0,0,0,1,0,8,0,0,0,1,0,1,0,0,18.0,13.0,2,1,0,1,,,2022-10-01
6,0,0,1,0,1,1,0,0,1,0,0,0,0,0,1,0,3,1,1,0,7,0,0,0,0,0,1,0,0,17.0,16.0,2,1,1,2,,,2022-10-02
7,0,0,1,1,1,1,0,0,1,0,1,0,0,0,0,0,1,0,1,0,8,0,0,0,1,0,0,0,0,17.0,14.0,2,1,0,1,,,2022-10-03
8,0,0,0,1,0,1,0,0,1,0,0,1,0,0,0,0,3,1,1,1,6,0,0,0,1,0,1,0,0,18.0,15.0,2,1,0,1,,,2022-10-04
9,0,0,0,1,0,1,0,0,1,0,0,0,1,0,0,0,2,1,1,0,7,0,0,0,0,0,1,0,0,,14.0,2,1,1,1,,,2022-10-05
10,0,0,0,1,0,1,0,0,0,0,1,0,0,0,0,1,2,1,1,0,7,0,0,0,0,0,1,0,0,,14.0,2,1,1,1,,,2022-10-06
11,0,0,0,1,0,1,1,0,1,0,1,0,0,0,0,0,2,0,1,0,7,0,0,0,1,1,0,0,0,,13.0,1,1,0,1,,,2022-10-07
12,0,0,1,1,0,1,0,0,1,0,1,0,0,0,0,0,0,0,1,0,5,0,0,0,1,0,0,0,0,17.5,11.0,2,1,0,1,,,2022-10-08
13,1,0,0,0,0,1,0,0,1,0,1,1,0,0,0,0,3,1,1,0,7,0,1,1,1,0,0,0,0,17.0,14.0,0,1,0,1,,,2022-10-09
14,0,0,0,1,0,0,0,0,1,0,1,0,0,0,0,0,1,0,1,0,7,0,0,0,1,0,0,0,0,,15.0,2,1,0,1,,18.5,2022-10-10
15,0,0,0,1,1,1,0,0,1,1,0,0,0,1,0,0,2,1,1,0,7,0,0,0,1,0,1,0,0,18.0,14.0,2,1,0,1,,,2022-10-11
16,0,0,0,0,1,1,0,0,1,0,1,0,0,0,0,0,0,0,1,0,7,0,0,0,1,0,0,0,0,18.5,15.0,2,1,0,1,,,2022-10-12
17,0,0,0,1,1,1,0,0,0,0,1,0,0,0,0,1,2,0,1,0,7,0,0,0,1,0,1,0,0,,15.0,2,1,0,1,,16.5,2022-10-13
19,0,0,0,1,0,1,0,0,1,0,1,0,0,0,0,0,3,0,1,0,7,0,0,0,1,0,1,0,0,17.5,13.0,1,1,0,1,,16.5,2022-10-15
20,0,0,0,1,1,1,0,0,1,0,1,0,0,0,0,0,3,1,1,0,7,0,0,0,0,0,1,0,0,18.0,16.0,2,1,0,0,,,2022-10-16
22,0,0,0,0,1,1,0,0,1,0,1,0,0,0,0,0,1,0,1,0,7,0,0,0,1,0,0,0,0,17.5,14.0,2,1,0,2,,,2022-10-18
23,0,0,0,1,1,1,0,0,1,0,1,0,0,0,0,0,1,1,1,0,7,0,0,0,1,0,0,0,0,17.0,15.0,1,1,0,2,,,2022-10-19
25,0,0,0,1,1,1,0,0,0,0,1,0,0,0,0,1,1,0,1,0,7,0,0,0,1,0,0,0,0,17.5,14.5,2,1,0,1,,,2022-10-21
26,0,0,0,1,1,1,0,0,1,0,1,0,0,0,0,0,1,0,1,0,7,0,0,0,1,0,0,0,0,17.5,13.0,1,1,0,1,,,2022-10-22
27,0,0,0,1,0,1,0,0,1,0,1,0,0,0,0,0,1,0,0,0,7,0,0,0,1,0,0,0,0,,14.0,2,1,0,1,19.0,17.5,2022-10-23
28,0,0,0,1,1,1,0,0,1,0,1,0,0,0,0,0,0,1,1,0,6,0,0,0,1,0,0,0,0,,15.5,1,1,1,1,19.5,17.5,2022-10-24
29,0,0,0,1,1,1,0,0,1,0,1,0,0,0,0,0,0,0,1,0,6,0,0,0,1,0,1,1,0,18.0,14.0,2,1,0,0,,,2022-10-25
30,0,0,0,1,1,1,0,0,1,0,1,0,0,0,0,0,0,0,1,0,6,0,0,0,1,0,1,0,0,17.5,,1,1,0,1,,11.5,2022-10-26
31,0,0,0,1,1,1,0,0,1,0,1,0,0,0,0,0,2,0,1,0,5,0,0,0,1,0,0,0,0,,15.0,1,1,0,1,,,2022-10-27
32,0,0,0,0,0,0,0,0,1,0,1,0,0,0,0,0,0,1,0,0,6,0,0,0,1,0,0,0,0,17.5,14.0,1,1,0,1,,13.5,2022-10-28
33,0,0,0,0,0,0,0,0,1,0,1,0,0,0,0,0,0,0,0,0,7,0,0,0,0,0,1,0,0,18.0,12.0,2,1,0,1,,,2022-10-29
34,0,0,0,1,1,1,0,0,1,0,1,0,0,0,0,0,0,1,1,0,7,0,0,0,0,0,1,0,1,17.0,14.0,1,1,0,2,,13.0,2022-10-30
35,0,0,0,1,1,1,0,0,1,0,1,0,0,0,0,0,0,0,1,0,7,0,0,0,1,0,0,0,0,,11.5,1,1,0,1,,,2022-10-31
36,0,0,0,1,1,1,0,0,1,0,1,0,0,0,0,0,1,0,1,0,7,0,0,0,1,0,0,0,0,,15.0,2,1,0,2,,18.25,2022-11-01
37,0,1,0,1,1,1,0,1,1,1,0,0,0,1,0,0,1,1,1,1,6,0,0,0,0,0,0,1,0,18.0,15.0,2,1,1,2,,,2022-11-02
38,0,0,0,1,1,1,0,0,0,0,1,0,0,0,0,1,2,0,1,0,7,0,0,0,1,0,0,0,0,17.5,14.0,1,1,0,1,,,2022-11-03
39,0,0,0,0,0,0,0,0,1,0,1,0,0,0,0,0,3,0,0,0,7,0,0,0,1,0,0,0,0,18.0,14.0,1,1,0,1,,,2022-11-04
40,0,0,0,0,0,0,0,0,1,0,1,0,0,0,0,0,1,0,0,0,6,0,0,0,1,0,0,0,0,,14.0,2,1,0,1,,13.5,2022-11-05
41,0,0,0,1,1,1,0,0,1,0,1,0,0,0,0,0,1,0,1,0,7,0,0,0,1,0,0,0,0,17.5,15.0,2,1,0,1,,13.5,2022-11-06
42,0,0,0,1,0,1,0,0,1,0,1,0,0,0,0,0,3,0,1,0,7,0,0,0,0,0,1,0,0,19.0,13.15,3,1,1,1,,,2022-11-07
43,0,0,0,1,1,1,0,0,1,0,1,0,0,0,0,0,3,0,1,0,6,0,0,0,1,0,1,0,0,17.5,13.0,1,1,1,1,,,2022-11-08
44,0,0,0,1,0,1,0,0,1,0,1,0,0,0,0,0,0,0,1,0,5,0,0,0,1,0,0,0,0,,14.0,1,1,0,1,,18.0,2022-11-09
45,0,0,0,1,1,1,0,0,0,0,1,0,0,0,0,1,1,1,1,0,7,0,0,0,1,0,1,0,0,17.5,15.5,3,1,1,1,,,2022-11-10
46,0,0,0,1,1,1,0,0,0,0,1,0,0,0,0,1,1,0,1,0,6,0,0,0,1,0,0,0,0,18.0,14.0,2,1,0,0,,,2022-11-11
47,0,0,0,1,1,1,0,0,1,0,1,0,0,0,0,0,0,0,1,0,6,0,0,0,0,0,1,0,0,,14.5,2,1,0,2,,17.0,2022-11-12
48,0,0,0,1,1,1,0,0,1,0,1,0,0,0,0,0,0,0,1,0,5,0,0,0,1,0,1,0,0,,15.5,1,1,0,0,,,2022-11-13
49,0,0,0,0,0,0,0,0,1,0,1,0,0,0,0,0,1,0,0,0,6,0,0,0,1,0,0,0,0,17.5,11.5,1,1,0,1,,14.0,2022-11-14
50,0,0,0,1,1,1,0,0,1,0,1,0,0,0,0,0,1,0,1,1,7,0,0,0,1,0,0,0,0,,14.0,1,1,0,1,,,2022-11-15
51,0,0,0,1,1,1,0,0,1,0,1,0,0,0,0,0,0,1,1,0,7,0,0,0,1,0,0,0,0,,9.5,3,1,0,1,,,2022-11-16
52,0,0,0,1,1,1,0,0,1,0,1,0,0,0,0,0,1,0,1,0,7,0,0,0,1,0,0,0,0,17.5,14.5,2,1,0,1,,17.5,2022-11-17
53,0,0,0,1,1,1,0,0,0,0,1,0,0,0,0,1,1,0,0,0,6,0,0,0,1,0,0,0,0,17.0,14.0,2,1,0,0,,,2022-11-18
54,0,0,0,1,1,1,0,0,1,0,1,0,0,0,0,0,1,0,1,0,6,0,0,0,1,0,1,0,0,18.0,14.0,2,1,0,1,,17.0,2022-11-19
55,0,0,0,0,0,0,0,0,1,0,1,0,0,0,0,0,1,0,0,0,7,0,0,1,1,0,0,0,0,18.5,13.5,1,1,0,0,20.0,,2022-11-20
56,0,0,0,1,1,1,0,0,1,0,1,0,0,0,0,0,2,0,1,0,6,0,0,0,1,0,0,0,0,,15.0,1,1,0,1,,13.5,2022-11-21
58,0,0,0,1,0,1,0,0,0,0,1,0,0,0,0,1,3,1,1,0,7,0,0,0,1,0,0,0,0,,14.0,2,1,0,2,,18.0,2022-11-23
